{
    "train": {
        "0": {
            "precision": 0.21428571428571427,
            "recall": 0.003036437246963563,
            "f1-score": 0.005988023952095809,
            "support": 988
        },
        "1": {
            "precision": 0.3315508021390374,
            "recall": 0.044444444444444446,
            "f1-score": 0.07838179519595449,
            "support": 1395
        },
        "2": {
            "precision": 0.0,
            "recall": 0.0,
            "f1-score": 0.0,
            "support": 247
        },
        "3": {
            "precision": 0.0,
            "recall": 0.0,
            "f1-score": 0.0,
            "support": 172
        },
        "4": {
            "precision": 0.28703703703703703,
            "recall": 0.061507936507936505,
            "f1-score": 0.10130718954248365,
            "support": 1512
        },
        "5": {
            "precision": 0.0,
            "recall": 0.0,
            "f1-score": 0.0,
            "support": 610
        },
        "6": {
            "precision": 0.0,
            "recall": 0.0,
            "f1-score": 0.0,
            "support": 625
        },
        "7": {
            "precision": 0.5,
            "recall": 0.005235602094240838,
            "f1-score": 0.010362694300518137,
            "support": 382
        },
        "8": {
            "precision": 0.37085110328203225,
            "recall": 1.0,
            "f1-score": 0.5410523468145543,
            "support": 2000
        },
        "9": {
            "precision": 0.33407374500222126,
            "recall": 0.4351851851851852,
            "f1-score": 0.37798441819552653,
            "support": 1728
        },
        "10": {
            "precision": 0.0,
            "recall": 0.0,
            "f1-score": 0.0,
            "support": 568
        },
        "11": {
            "precision": 0.0,
            "recall": 0.0,
            "f1-score": 0.0,
            "support": 1177
        },
        "12": {
            "precision": 0.0,
            "recall": 0.0,
            "f1-score": 0.0,
            "support": 207
        },
        "13": {
            "precision": 0.0,
            "recall": 0.0,
            "f1-score": 0.0,
            "support": 395
        },
        "14": {
            "precision": 0.0,
            "recall": 0.0,
            "f1-score": 0.0,
            "support": 1332
        },
        "15": {
            "precision": 0.0,
            "recall": 0.0,
            "f1-score": 0.0,
            "support": 806
        },
        "16": {
            "precision": 0.6470588235294118,
            "recall": 0.005285920230658337,
            "f1-score": 0.010486177311725454,
            "support": 2081
        },
        "17": {
            "precision": 0.0,
            "recall": 0.0,
            "f1-score": 0.0,
            "support": 427
        },
        "18": {
            "precision": 0.0,
            "recall": 0.0,
            "f1-score": 0.0,
            "support": 664
        },
        "19": {
            "precision": 0.0,
            "recall": 0.0,
            "f1-score": 0.0,
            "support": 1054
        },
        "micro avg": {
            "precision": 0.35685508484922474,
            "recall": 0.15911812738160044,
            "f1-score": 0.2200971348970295,
            "support": 18370
        },
        "macro avg": {
            "precision": 0.1342428612637727,
            "recall": 0.07773477628547144,
            "f1-score": 0.05627813226564292,
            "support": 18370
        },
        "weighted avg": {
            "precision": 0.2158268211426702,
            "recall": 0.15911812738160044,
            "f1-score": 0.11047780593526073,
            "support": 18370
        },
        "samples avg": {
            "precision": 0.35809073490326965,
            "recall": 0.17258556800555688,
            "f1-score": 0.21509238232768735,
            "support": 18370
        }
    },
    "test": {
        "0": {
            "precision": 0.17982456140350878,
            "recall": 0.47126436781609193,
            "f1-score": 0.2603174603174603,
            "support": 87
        },
        "1": {
            "precision": 0.2577639751552795,
            "recall": 0.5286624203821656,
            "f1-score": 0.3465553235908142,
            "support": 157
        },
        "2": {
            "precision": 0.047619047619047616,
            "recall": 0.022222222222222223,
            "f1-score": 0.030303030303030304,
            "support": 45
        },
        "3": {
            "precision": 0.045662100456621,
            "recall": 0.3333333333333333,
            "f1-score": 0.08032128514056225,
            "support": 30
        },
        "4": {
            "precision": 0.3232,
            "recall": 0.9950738916256158,
            "f1-score": 0.4879227053140096,
            "support": 203
        },
        "5": {
            "precision": 0.0,
            "recall": 0.0,
            "f1-score": 0.0,
            "support": 60
        },
        "6": {
            "precision": 0.0,
            "recall": 0.0,
            "f1-score": 0.0,
            "support": 48
        },
        "7": {
            "precision": 0.10526315789473684,
            "recall": 0.11428571428571428,
            "f1-score": 0.10958904109589042,
            "support": 35
        },
        "8": {
            "precision": 0.3961661341853035,
            "recall": 1.0,
            "f1-score": 0.5675057208237986,
            "support": 248
        },
        "9": {
            "precision": 0.2688,
            "recall": 0.9940828402366864,
            "f1-score": 0.4231738035264484,
            "support": 169
        },
        "10": {
            "precision": 0.06666666666666667,
            "recall": 0.016666666666666666,
            "f1-score": 0.02666666666666667,
            "support": 60
        },
        "11": {
            "precision": 0.0,
            "recall": 0.0,
            "f1-score": 0.0,
            "support": 155
        },
        "12": {
            "precision": 0.0,
            "recall": 0.0,
            "f1-score": 0.0,
            "support": 13
        },
        "13": {
            "precision": 0.0,
            "recall": 0.0,
            "f1-score": 0.0,
            "support": 39
        },
        "14": {
            "precision": 0.36764705882352944,
            "recall": 0.12690355329949238,
            "f1-score": 0.18867924528301888,
            "support": 197
        },
        "15": {
            "precision": 0.15873015873015872,
            "recall": 0.10416666666666667,
            "f1-score": 0.12578616352201258,
            "support": 96
        },
        "16": {
            "precision": 0.3968609865470852,
            "recall": 0.7283950617283951,
            "f1-score": 0.5137880986937591,
            "support": 243
        },
        "17": {
            "precision": 0.0,
            "recall": 0.0,
            "f1-score": 0.0,
            "support": 45
        },
        "18": {
            "precision": 0.0,
            "recall": 0.0,
            "f1-score": 0.0,
            "support": 75
        },
        "19": {
            "precision": 0.0,
            "recall": 0.0,
            "f1-score": 0.0,
            "support": 117
        },
        "micro avg": {
            "precision": 0.2928743961352657,
            "recall": 0.4571159283694628,
            "f1-score": 0.35701140964298855,
            "support": 2122
        },
        "macro avg": {
            "precision": 0.13071019237409684,
            "recall": 0.2717528369131525,
            "f1-score": 0.15803042721387356,
            "support": 2122
        },
        "weighted avg": {
            "precision": 0.21710574856719284,
            "recall": 0.4571159283694628,
            "f1-score": 0.26940037132330513,
            "support": 2122
        },
        "samples avg": {
            "precision": 0.30515175718849835,
            "recall": 0.48506262995080895,
            "f1-score": 0.3537758655969519,