{
    "train": {
        "0": {
            "precision": 0.09090909090909091,
            "recall": 0.0014619883040935672,
            "f1-score": 0.0028776978417266183,
            "support": 684
        },
        "1": {
            "precision": 0.32116788321167883,
            "recall": 0.04386839481555334,
            "f1-score": 0.07719298245614034,
            "support": 1003
        },
        "2": {
            "precision": 0.0,
            "recall": 0.0,
            "f1-score": 0.0,
            "support": 177
        },
        "3": {
            "precision": 0.0,
            "recall": 0.0,
            "f1-score": 0.0,
            "support": 120
        },
        "4": {
            "precision": 0.27155172413793105,
            "recall": 0.05977229601518026,
            "f1-score": 0.09797822706065319,
            "support": 1054
        },
        "5": {
            "precision": 0.0,
            "recall": 0.0,
            "f1-score": 0.0,
            "support": 409
        },
        "6": {
            "precision": 0.0,
            "recall": 0.0,
            "f1-score": 0.0,
            "support": 431
        },
        "7": {
            "precision": 0.6666666666666666,
            "recall": 0.007407407407407408,
            "f1-score": 0.014652014652014652,
            "support": 270
        },
        "8": {
            "precision": 0.3729801324503311,
            "recall": 1.0,
            "f1-score": 0.5433146826162454,
            "support": 1408
        },
        "9": {
            "precision": 0.3231552162849873,
            "recall": 0.43197278911564624,
            "f1-score": 0.3697234352256187,
            "support": 1176
        },
        "10": {
            "precision": 0.0,
            "recall": 0.0,
            "f1-score": 0.0,
            "support": 403
        },
        "11": {
            "precision": 0.0,
            "recall": 0.0,
            "f1-score": 0.0,
            "support": 831
        },
        "12": {
            "precision": 0.0,
            "recall": 0.0,
            "f1-score": 0.0,
            "support": 149
        },
        "13": {
            "precision": 0.0,
            "recall": 0.0,
            "f1-score": 0.0,
            "support": 281
        },
        "14": {
            "precision": 0.0,
            "recall": 0.0,
            "f1-score": 0.0,
            "support": 935
        },
        "15": {
            "precision": 0.0,
            "recall": 0.0,
            "f1-score": 0.0,
            "support": 561
        },
        "16": {
            "precision": 0.5714285714285714,
            "recall": 0.005449591280653951,
            "f1-score": 0.010796221322537113,
            "support": 1468
        },
        "17": {
            "precision": 0.0,
            "recall": 0.0,
            "f1-score": 0.0,
            "support": 306
        },
        "18": {
            "precision": 0.0,
            "recall": 0.0,
            "f1-score": 0.0,
            "support": 455
        },
        "19": {
            "precision": 0.0,
            "recall": 0.0,
            "f1-score": 0.0,
            "support": 742
        },
        "micro avg": {
            "precision": 0.35404699738903395,
            "recall": 0.1581279639275441,
            "f1-score": 0.21861564918314702,
            "support": 12863
        },
        "macro avg": {
            "precision": 0.13089296425446287,
            "recall": 0.07749662334692674,
            "f1-score": 0.05582676305874681,
            "support": 12863
        },
        "weighted avg": {
            "precision": 0.20170818829066822,
            "recall": 0.1581279639275441,
            "f1-score": 0.10901412484301544,
            "support": 12863
        },
        "samples avg": {
            "precision": 0.3566048565121413,
            "recall": 0.17008693366971514,
            "f1-score": 0.2128431142073526,
            "support": 12863
        }
    },
    "test": {
        "0": {
            "precision": 0.1321353065539112,
            "recall": 0.9960159362549801,
            "f1-score": 0.23331777881474566,
            "support": 251
        },
        "1": {
            "precision": 0.2616033755274262,
            "recall": 1.0,
            "f1-score": 0.4147157190635452,
            "support": 496
        },
        "2": {
            "precision": 0.07237189646064449,
            "recall": 0.9927536231884058,
            "f1-score": 0.13490891186607584,
            "support": 138
        },
        "3": {
            "precision": 0.054324894514767935,
            "recall": 1.0,
            "f1-score": 0.10305152576288146,
            "support": 103
        },
        "4": {
            "precision": 0.3032700421940928,
            "recall": 1.0,
            "f1-score": 0.46539862403885063,
            "support": 575
        },
        "5": {
            "precision": 0.08831448572967152,
            "recall": 1.0,
            "f1-score": 0.1622958931222167,
            "support": 164
        },
        "6": {
            "precision": 0.06962025316455696,
            "recall": 1.0,
            "f1-score": 0.1301775147928994,
            "support": 132
        },
        "7": {
            "precision": 0.08438287153652393,
            "recall": 0.5153846153846153,
            "f1-score": 0.14502164502164505,
            "support": 130
        },
        "8": {
            "precision": 0.40031645569620256,
            "recall": 1.0,
            "f1-score": 0.5717514124293785,
            "support": 759
        },
        "9": {
            "precision": 0.25738396624472576,
            "recall": 1.0,
            "f1-score": 0.40939597315436244,
            "support": 488
        },
        "10": {
            "precision": 0.09110169491525423,
            "recall": 1.0,
            "f1-score": 0.1669902912621359,
            "support": 172
        },
        "11": {
            "precision": 0.2415485278080698,
            "recall": 0.9736263736263736,
            "f1-score": 0.3870685889034513,
            "support": 455
        },
        "12": {
            "precision": 0.04447632711621234,
            "recall": 0.5166666666666667,
            "f1-score": 0.08190224570673713,
            "support": 60
        },
        "13": {
            "precision": 0.06666666666666667,
            "recall": 0.9921259842519685,
            "f1-score": 0.1249380267724343,
            "support": 127
        },
        "14": {
            "precision": 0.33636363636363636,
            "recall": 0.9936808846761453,
            "f1-score": 0.5025968837395125,
            "support": 633
        },
        "15": {
            "precision": 0.14135021097046413,
            "recall": 1.0,
            "f1-score": 0.2476894639556377,
            "support": 268
        },
        "16": {
            "precision": 0.3623417721518987,
            "recall": 1.0,
            "f1-score": 0.5319396051103368,
            "support": 687
        },
        "17": {
            "precision": 0.06563706563706563,
            "recall": 0.937007874015748,
            "f1-score": 0.12268041237113401,
            "support": 127
        },
        "18": {
            "precision": 0.12287334593572778,
            "recall": 0.5829596412556054,
            "f1-score": 0.2029664324746292,
            "support": 223
        },
        "19": {
            "precision": 0.19567510548523206,
            "recall": 1.0,
            "f1-score": 0.32730480811645346,
            "support": 371
        },
        "micro avg": {
            "precision": 0.17791606367583213,
            "recall": 0.9666614247523195,
            "f1-score": 0.3005206678237063,
            "support": 6359
        },
        "macro avg": {
            "precision": 0.16958789503363755,
            "recall": 0.9250110799660254,
            "f1-score": 0.27330558782395314,
            "support": 6359
        },
        "weighted avg": {
            "precision": 0.24559543411004228,
            "recall": 0.9666614247523195,