{
    "train": {
        "0": {
            "precision": 0.9717514124293786,
            "recall": 0.17408906882591094,
            "f1-score": 0.2952789699570815,
            "support": 988
        },
        "1": {
            "precision": 0.9641255605381166,
            "recall": 0.30824372759856633,
            "f1-score": 0.4671374253123303,
            "support": 1395
        },
        "2": {
            "precision": 0.0,
            "recall": 0.0,
            "f1-score": 0.0,
            "support": 247
        },
        "3": {
            "precision": 0.0,
            "recall": 0.0,
            "f1-score": 0.0,
            "support": 172
        },
        "4": {
            "precision": 0.9595588235294118,
            "recall": 0.34523809523809523,
            "f1-score": 0.5077821011673151,
            "support": 1512
        },
        "5": {
            "precision": 1.0,
            "recall": 0.01639344262295082,
            "f1-score": 0.03225806451612903,
            "support": 610
        },
        "6": {
            "precision": 0.9629629629629629,
            "recall": 0.0416,
            "f1-score": 0.07975460122699386,
            "support": 625
        },
        "7": {
            "precision": 1.0,
            "recall": 0.002617801047120419,
            "f1-score": 0.005221932114882507,
            "support": 382
        },
        "8": {
            "precision": 0.918918918918919,
            "recall": 0.629,
            "f1-score": 0.7468091421786881,
            "support": 2000
        },
        "9": {
            "precision": 0.9310344827586207,
            "recall": 0.53125,
            "f1-score": 0.6764922623434046,
            "support": 1728
        },
        "10": {
            "precision": 1.0,
            "recall": 0.022887323943661973,
            "f1-score": 0.04475043029259897,
            "support": 568
        },
        "11": {
            "precision": 0.992,
            "recall": 0.10535259133389975,
            "f1-score": 0.1904761904761905,
            "support": 1177
        },
        "12": {
            "precision": 0.0,
            "recall": 0.0,
            "f1-score": 0.0,
            "support": 207
        },
        "13": {
            "precision": 1.0,
            "recall": 0.002531645569620253,
            "f1-score": 0.005050505050505051,
            "support": 395
        },
        "14": {
            "precision": 1.0,
            "recall": 0.05855855855855856,
            "f1-score": 0.11063829787234042,
            "support": 1332
        },
        "15": {
            "precision": 1.0,
            "recall": 0.009925558312655087,
            "f1-score": 0.019656019656019656,
            "support": 806
        },
        "16": {
            "precision": 0.9169869331283628,
            "recall": 0.573282075925036,
            "f1-score": 0.7054997043169721,
            "support": 2081
        },
        "17": {
            "precision": 0.9906542056074766,
            "recall": 0.24824355971896955,
            "f1-score": 0.3970037453183521,
            "support": 427
        },
        "18": {
            "precision": 1.0,
            "recall": 0.018072289156626505,
            "f1-score": 0.03550295857988166,
            "support": 664
        },
        "19": {
            "precision": 1.0,
            "recall": 0.07210626185958255,
            "f1-score": 0.1345132743362832,
            "support": 1054
        },
        "micro avg": {
            "precision": 0.9369437606513917,
            "recall": 0.269352204681546,
            "f1-score": 0.4184178258847407,
            "support": 18370
        },
        "macro avg": {
            "precision": 0.8303996649936625,
            "recall": 0.15796959998556268,
            "f1-score": 0.22269128123579846,
            "support": 18370
        },
        "weighted avg": {
            "precision": 0.9316417486738416,
            "recall": 0.269352204681546,
            "f1-score": 0.3627168034160056,
            "support": 18370
        },
        "samples avg": {
            "precision": 0.6621082885221583,
            "recall": 0.3089042527203106,
            "f1-score": 0.39588627990259734,
            "support": 18370
        }
    },
    "test": {
        "0": {
            "precision": 1.0,
            "recall": 0.05179282868525897,
            "f1-score": 0.0984848484848485,
            "support": 251
        },
        "1": {
            "precision": 0.7794117647058824,
            "recall": 0.10685483870967742,
            "f1-score": 0.1879432624113475,
            "support": 496
        },
        "2": {
            "precision": 0.0,
            "recall": 0.0,
            "f1-score": 0.0,
            "support": 138
        },
        "3": {
            "precision": 0.0,
            "recall": 0.0,
            "f1-score": 0.0,
            "support": 103
        },
        "4": {
            "precision": 0.7980769230769231,
            "recall": 0.1443478260869565,
            "f1-score": 0.24447717231222385,
            "support": 575
        },
        "5": {
            "precision": 0.0,
            "recall": 0.0,
            "f1-score": 0.0,
            "support": 164
        },
        "6": {
            "precision": 0.0,
            "recall": 0.0,
            "f1-score": 0.0,
            "support": 132
        },
        "7": {
            "precision": 0.0,
            "recall": 0.0,
            "f1-score": 0.0,
            "support": 130
        },
        "8": {
            "precision": 0.7899543378995434,
            "recall": 0.45586297760210803,
            "f1-score": 0.5781119465329992,
            "support": 759
        },
        "9": {
            "precision": 0.7441860465116279,
            "recall": 0.19672131147540983,
            "f1-score": 0.3111831442463533,
            "support": 488
        },
        "10": {
            "precision": 0.0,
            "recall": 0.0,
            "f1-score": 0.0,
            "support": 172
        },
        "11": {
            "precision": 0.8333333333333334,
            "recall": 0.01098901098901099,
            "f1-score": 0.021691973969631236,
            "support": 455
        },
        "12": {
            "precision": 0.0,
            "recall": 0.0,
            "f1-score": 0.0,
            "support": 60
        },
        "13": {
            "precision": 0.0,
            "recall": 0.0,
            "f1-score": 0.0,
            "support": 127
        },
        "14": {
            "precision": 0.75,
            "recall": 0.018957345971563982,
            "f1-score": 0.03697996918335902,
            "support": 633
        },
        "15": {
            "precision": 0.0,
            "recall": 0.0,
            "f1-score": 0.0,
            "support": 268
        },
        "16": {
            "precision": 0.6953405017921147,
            "recall": 0.2823871906841339,
            "f1-score": 0.401656314699793,
            "support": 687
        },
        "17": {
            "precision": 0.6666666666666666,
            "recall": 0.015748031496062992,
            "f1-score": 0.03076923076923077,
            "support": 127
        },
        "18": {
            "precision": 1.0,
            "recall": 0.004484304932735426,
            "f1-score": 0.008928571428571428,
            "support": 223
        },
        "19": {
            "precision": 1.0,
            "recall": 0.005390835579514825,
            "f1-score": 0.010723860589812333,
            "support": 371
        },
        "micro avg": {
            "precision": 0.7620396600566572,
            "recall": 0.12690674634376475,
            "f1-score": 0.2175788622270154,
            "support": 6359
        },
        "macro avg": {
            "precision": 0.45284847869930456,
            "recall": 0.06467682511062164,
            "f1-score": 0.09654751473140852,
            "support": 6359
        },
        "weighted avg": {
            "precision": 0.639959562398379,
            "recall": 0.12690674634376475,